Date,Date_ID,Weekday_ID,Weekday_Desc,Week_ID,Week_Name,Week_Desc,Month_ID,Fiscal_Period_ID,Month_Name,Month_Desc,Calendar_Quarter_ID,Calendar_Quarter_Name,Calendar_Quarter_Desc,Calendar_Year_ID
1/1/2019,20190101,2,Tuesday,1,W01,Week 01,1,1,January,19-Jan,1,Q1,Quarter 1,2019
1/2/2019,20190102,3,Wednesday,1,W01,Week 01,1,1,January,19-Jan,1,Q1,Quarter 1,2019
1/3/2019,20190103,4,Thursday,1,W01,Week 01,1,1,January,19-Jan,1,Q1,Quarter 1,2019
1/4/2019,20190104,5,Friday,1,W01,Week 01,1,1,January,19-Jan,1,Q1,Quarter 1,2019
1/5/2019,20190105,6,Saturday,1,W01,Week 01,1,1,January,19-Jan,1,Q1,Quarter 1,2019
1/6/2019,20190106,7,Sunday,1,W01,Week 01,1,1,January,19-Jan,1,Q1,Quarter 1,2019
1/7/2019,20190107,1,Monday,2,W02,Week 02,1,1,January,19-Jan,1,Q1,Quarter 1,2019
1/8/2019,20190108,2,Tuesday,2,W02,Week 02,1,1,January,19-Jan,1,Q1,Quarter 1,2019
1/9/2019,20190109,3,Wednesday,2,W02,Week 02,1,1,January,19-Jan,1,Q1,Quarter 1,2019
1/10/2019,20190110,4,Thursday,2,W02,Week 02,1,1,January,19-Jan,1,Q1,Quarter 1,2019
1/11/2019,20190111,5,Friday,2,W02,Week 02,1,1,January,19-Jan,1,Q1,Quarter 1,2019
1/12/2019,20190112,6,Saturday,2,W02,Week 02,1,1,January,19-Jan,1,Q1,Quarter 1,2019
1/13/2019,20190113,7,Sunday,2,W02,Week 02,1,1,January,19-Jan,1,Q1,Quarter 1,2019
1/14/2019,20190114,1,Monday,3,W03,Week 03,1,1,January,19-Jan,1,Q1,Quarter 1,2019
1/15/2019,20190115,2,Tuesday,3,W03,Week 03,1,1,January,19-Jan,1,Q1,Quarter 1,2019
1/16/2019,20190116,3,Wednesday,3,W03,Week 03,1,1,January,19-Jan,1,Q1,Quarter 1,2019
1/17/2019,20190117,4,Thursday,3,W03,Week 03,1,1,January,19-Jan,1,Q1,Quarter 1,2019
1/18/2019,20190118,5,Friday,3,W03,Week 03,1,1,January,19-Jan,1,Q1,Quarter 1,2019
1/19/2019,20190119,6,Saturday,3,W03,Week 03,1,1,January,19-Jan,1,Q1,Quarter 1,2019
1/20/2019,20190120,7,Sunday,3,W03,Week 03,1,1,January,19-Jan,1,Q1,Quarter 1,2019
1/21/2019,20190121,1,Monday,4,W04,Week 04,1,1,January,19-Jan,1,Q1,Quarter 1,2019
1/22/2019,20190122,2,Tuesday,4,W04,Week 04,1,1,January,19-Jan,1,Q1,Quarter 1,2019
1/23/2019,20190123,3,Wednesday,4,W04,Week 04,1,1,January,19-Jan,1,Q1,Quarter 1,2019
1/24/2019,20190124,4,Thursday,4,W04,Week 04,1,1,January,19-Jan,1,Q1,Quarter 1,2019
1/25/2019,20190125,5,Friday,4,W04,Week 04,1,1,January,19-Jan,1,Q1,Quarter 1,2019
1/26/2019,20190126,6,Saturday,4,W04,Week 04,1,1,January,19-Jan,1,Q1,Quarter 1,2019
1/27/2019,20190127,7,Sunday,4,W04,Week 04,1,1,January,19-Jan,1,Q1,Quarter 1,2019
1/28/2019,20190128,1,Monday,5,W05,Week 05,1,1,January,19-Jan,1,Q1,Quarter 1,2019
1/29/2019,20190129,2,Tuesday,5,W05,Week 05,1,1,January,19-Jan,1,Q1,Quarter 1,2019
1/30/2019,20190130,3,Wednesday,5,W05,Week 05,1,1,January,19-Jan,1,Q1,Quarter 1,2019
1/31/2019,20190131,4,Thursday,5,W05,Week 05,1,1,January,19-Jan,1,Q1,Quarter 1,2019
2/1/2019,20190201,5,Friday,5,W05,Week 05,2,2,February,19-Feb,1,Q1,Quarter 1,2019
2/2/2019,20190202,6,Saturday,5,W05,Week 05,2,2,February,19-Feb,1,Q1,Quarter 1,2019
2/3/2019,20190203,7,Sunday,5,W05,Week 05,2,2,February,19-Feb,1,Q1,Quarter 1,2019
2/4/2019,20190204,1,Monday,6,W06,Week 06,2,2,February,19-Feb,1,Q1,Quarter 1,2019
2/5/2019,20190205,2,Tuesday,6,W06,Week 06,2,2,February,19-Feb,1,Q1,Quarter 1,2019
2/6/2019,20190206,3,Wednesday,6,W06,Week 06,2,2,February,19-Feb,1,Q1,Quarter 1,2019
2/7/2019,20190207,4,Thursday,6,W06,Week 06,2,2,February,19-Feb,1,Q1,Quarter 1,2019
2/8/2019,20190208,5,Friday,6,W06,Week 06,2,2,February,19-Feb,1,Q1,Quarter 1,2019
2/9/2019,20190209,6,Saturday,6,W06,Week 06,2,2,February,19-Feb,1,Q1,Quarter 1,2019
2/10/2019,20190210,7,Sunday,6,W06,Week 06,2,2,February,19-Feb,1,Q1,Quarter 1,2019
2/11/2019,20190211,1,Monday,7,W07,Week 07,2,2,February,19-Feb,1,Q1,Quarter 1,2019
2/12/2019,20190212,2,Tuesday,7,W07,Week 07,2,2,February,19-Feb,1,Q1,Quarter 1,2019
2/13/2019,20190213,3,Wednesday,7,W07,Week 07,2,2,February,19-Feb,1,Q1,Quarter 1,2019
2/14/2019,20190214,4,Thursday,7,W07,Week 07,2,2,February,19-Feb,1,Q1,Quarter 1,2019
2/15/2019,20190215,5,Friday,7,W07,Week 07,2,2,February,19-Feb,1,Q1,Quarter 1,2019
2/16/2019,20190216,6,Saturday,7,W07,Week 07,2,2,February,19-Feb,1,Q1,Quarter 1,2019
2/17/2019,20190217,7,Sunday,7,W07,Week 07,2,2,February,19-Feb,1,Q1,Quarter 1,2019
2/18/2019,20190218,1,Monday,8,W08,Week 08,2,2,February,19-Feb,1,Q1,Quarter 1,2019
2/19/2019,20190219,2,Tuesday,8,W08,Week 08,2,2,February,19-Feb,1,Q1,Quarter 1,2019
2/20/2019,20190220,3,Wednesday,8,W08,Week 08,2,2,February,19-Feb,1,Q1,Quarter 1,2019
2/21/2019,20190221,4,Thursday,8,W08,Week 08,2,2,February,19-Feb,1,Q1,Quarter 1,2019
2/22/2019,20190222,5,Friday,8,W08,Week 08,2,2,February,19-Feb,1,Q1,Quarter 1,2019
2/23/2019,20190223,6,Saturday,8,W08,Week 08,2,2,February,19-Feb,1,Q1,Quarter 1,2019
2/24/2019,20190224,7,Sunday,8,W08,Week 08,2,2,February,19-Feb,1,Q1,Quarter 1,2019
2/25/2019,20190225,1,Monday,9,W09,Week 09,2,2,February,19-Feb,1,Q1,Quarter 1,2019
2/26/2019,20190226,2,Tuesday,9,W09,Week 09,2,2,February,19-Feb,1,Q1,Quarter 1,2019
2/27/2019,20190227,3,Wednesday,9,W09,Week 09,2,2,February,19-Feb,1,Q1,Quarter 1,2019
2/28/2019,20190228,4,Thursday,9,W09,Week 09,2,2,February,19-Feb,1,Q1,Quarter 1,2019
3/1/2019,20190301,5,Friday,9,W09,Week 09,3,3,March,19-Mar,1,Q1,Quarter 1,2019
3/2/2019,20190302,6,Saturday,9,W09,Week 09,3,3,March,19-Mar,1,Q1,Quarter 1,2019
3/3/2019,20190303,7,Sunday,9,W09,Week 09,3,3,March,19-Mar,1,Q1,Quarter 1,2019
3/4/2019,20190304,1,Monday,10,W10,Week 10,3,3,March,19-Mar,1,Q1,Quarter 1,2019
3/5/2019,20190305,2,Tuesday,10,W10,Week 10,3,3,March,19-Mar,1,Q1,Quarter 1,2019
3/6/2019,20190306,3,Wednesday,10,W10,Week 10,3,3,March,19-Mar,1,Q1,Quarter 1,2019
3/7/2019,20190307,4,Thursday,10,W10,Week 10,3,3,March,19-Mar,1,Q1,Quarter 1,2019
3/8/2019,20190308,5,Friday,10,W10,Week 10,3,3,March,19-Mar,1,Q1,Quarter 1,2019
3/9/2019,20190309,6,Saturday,10,W10,Week 10,3,3,March,19-Mar,1,Q1,Quarter 1,2019
3/10/2019,20190310,7,Sunday,10,W10,Week 10,3,3,March,19-Mar,1,Q1,Quarter 1,2019
3/11/2019,20190311,1,Monday,11,W11,Week 11,3,3,March,19-Mar,1,Q1,Quarter 1,2019
3/12/2019,20190312,2,Tuesday,11,W11,Week 11,3,3,March,19-Mar,1,Q1,Quarter 1,2019
3/13/2019,20190313,3,Wednesday,11,W11,Week 11,3,3,March,19-Mar,1,Q1,Quarter 1,2019
3/14/2019,20190314,4,Thursday,11,W11,Week 11,3,3,March,19-Mar,1,Q1,Quarter 1,2019
3/15/2019,20190315,5,Friday,11,W11,Week 11,3,3,March,19-Mar,1,Q1,Quarter 1,2019
3/16/2019,20190316,6,Saturday,11,W11,Week 11,3,3,March,19-Mar,1,Q1,Quarter 1,2019
3/17/2019,20190317,7,Sunday,11,W11,Week 11,3,3,March,19-Mar,1,Q1,Quarter 1,2019
3/18/2019,20190318,1,Monday,12,W12,Week 12,3,3,March,19-Mar,1,Q1,Quarter 1,2019
3/19/2019,20190319,2,Tuesday,12,W12,Week 12,3,3,March,19-Mar,1,Q1,Quarter 1,2019
3/20/2019,20190320,3,Wednesday,12,W12,Week 12,3,3,March,19-Mar,1,Q1,Quarter 1,2019
3/21/2019,20190321,4,Thursday,12,W12,Week 12,3,3,March,19-Mar,1,Q1,Quarter 1,2019
3/22/2019,20190322,5,Friday,12,W12,Week 12,3,3,March,19-Mar,1,Q1,Quarter 1,2019
3/23/2019,20190323,6,Saturday,12,W12,Week 12,3,3,March,19-Mar,1,Q1,Quarter 1,2019
3/24/2019,20190324,7,Sunday,12,W12,Week 12,3,3,March,19-Mar,1,Q1,Quarter 1,2019
3/25/2019,20190325,1,Monday,13,W13,Week 13,3,3,March,19-Mar,1,Q1,Quarter 1,2019
3/26/2019,20190326,2,Tuesday,13,W13,Week 13,3,3,March,19-Mar,1,Q1,Quarter 1,2019
3/27/2019,20190327,3,Wednesday,13,W13,Week 13,3,3,March,19-Mar,1,Q1,Quarter 1,2019
3/28/2019,20190328,4,Thursday,13,W13,Week 13,3,3,March,19-Mar,1,Q1,Quarter 1,2019
3/29/2019,20190329,5,Friday,13,W13,Week 13,3,3,March,19-Mar,1,Q1,Quarter 1,2019
3/30/2019,20190330,6,Saturday,13,W13,Week 13,3,3,March,19-Mar,1,Q1,Quarter 1,2019
3/31/2019,20190331,7,Sunday,13,W13,Week 13,3,3,March,19-Mar,1,Q1,Quarter 1,2019
4/1/2019,20190401,1,Monday,14,W14,Week 14,4,4,April,19-Apr,2,Q2,Quarter 2,2019
4/2/2019,20190402,2,Tuesday,14,W14,Week 14,4,4,April,19-Apr,2,Q2,Quarter 2,2019
4/3/2019,20190403,3,Wednesday,14,W14,Week 14,4,4,April,19-Apr,2,Q2,Quarter 2,2019
4/4/2019,20190404,4,Thursday,14,W14,Week 14,4,4,April,19-Apr,2,Q2,Quarter 2,2019
4/5/2019,20190405,5,Friday,14,W14,Week 14,4,4,April,19-Apr,2,Q2,Quarter 2,2019
4/6/2019,20190406,6,Saturday,14,W14,Week 14,4,4,April,19-Apr,2,Q2,Quarter 2,2019
4/7/2019,20190407,7,Sunday,14,W14,Week 14,4,4,April,19-Apr,2,Q2,Quarter 2,2019
4/8/2019,20190408,1,Monday,15,W15,Week 15,4,4,April,19-Apr,2,Q2,Quarter 2,2019
4/9/2019,20190409,2,Tuesday,15,W15,Week 15,4,4,April,19-Apr,2,Q2,Quarter 2,2019
4/10/2019,20190410,3,Wednesday,15,W15,Week 15,4,4,April,19-Apr,2,Q2,Quarter 2,2019
4/11/2019,20190411,4,Thursday,15,W15,Week 15,4,4,April,19-Apr,2,Q2,Quarter 2,2019
4/12/2019,20190412,5,Friday,15,W15,Week 15,4,4,April,19-Apr,2,Q2,Quarter 2,2019
4/13/2019,20190413,6,Saturday,15,W15,Week 15,4,4,April,19-Apr,2,Q2,Quarter 2,2019
4/14/2019,20190414,7,Sunday,15,W15,Week 15,4,4,April,19-Apr,2,Q2,Quarter 2,2019
4/15/2019,20190415,1,Monday,16,W16,Week 16,4,4,April,19-Apr,2,Q2,Quarter 2,2019
4/16/2019,20190416,2,Tuesday,16,W16,Week 16,4,4,April,19-Apr,2,Q2,Quarter 2,2019
4/17/2019,20190417,3,Wednesday,16,W16,Week 16,4,4,April,19-Apr,2,Q2,Quarter 2,2019
4/18/2019,20190418,4,Thursday,16,W16,Week 16,4,4,April,19-Apr,2,Q2,Quarter 2,2019
4/19/2019,20190419,5,Friday,16,W16,Week 16,4,4,April,19-Apr,2,Q2,Quarter 2,2019
4/20/2019,20190420,6,Saturday,16,W16,Week 16,4,4,April,19-Apr,2,Q2,Quarter 2,2019
4/21/2019,20190421,7,Sunday,16,W16,Week 16,4,4,April,19-Apr,2,Q2,Quarter 2,2019
4/22/2019,20190422,1,Monday,17,W17,Week 17,4,4,April,19-Apr,2,Q2,Quarter 2,2019
4/23/2019,20190423,2,Tuesday,17,W17,Week 17,4,4,April,19-Apr,2,Q2,Quarter 2,2019
4/24/2019,20190424,3,Wednesday,17,W17,Week 17,4,4,April,19-Apr,2,Q2,Quarter 2,2019
4/25/2019,20190425,4,Thursday,17,W17,Week 17,4,4,April,19-Apr,2,Q2,Quarter 2,2019
4/26/2019,20190426,5,Friday,17,W17,Week 17,4,4,April,19-Apr,2,Q2,Quarter 2,2019
4/27/2019,20190427,6,Saturday,17,W17,Week 17,4,4,April,19-Apr,2,Q2,Quarter 2,2019
4/28/2019,20190428,7,Sunday,17,W17,Week 17,4,4,April,19-Apr,2,Q2,Quarter 2,2019
4/29/2019,20190429,1,Monday,18,W18,Week 18,4,4,April,19-Apr,2,Q2,Quarter 2,2019
4/30/2019,20190430,2,Tuesday,18,W18,Week 18,4,4,April,19-Apr,2,Q2,Quarter 2,2019
5/1/2019,20190501,3,Wednesday,18,W18,Week 18,5,5,May,19-May,2,Q2,Quarter 2,2019
5/2/2019,20190502,4,Thursday,18,W18,Week 18,5,5,May,19-May,2,Q2,Quarter 2,2019
5/3/2019,20190503,5,Friday,18,W18,Week 18,5,5,May,19-May,2,Q2,Quarter 2,2019
5/4/2019,20190504,6,Saturday,18,W18,Week 18,5,5,May,19-May,2,Q2,Quarter 2,2019
5/5/2019,20190505,7,Sunday,18,W18,Week 18,5,5,May,19-May,2,Q2,Quarter 2,2019
5/6/2019,20190506,1,Monday,19,W19,Week 19,5,5,May,19-May,2,Q2,Quarter 2,2019
5/7/2019,20190507,2,Tuesday,19,W19,Week 19,5,5,May,19-May,2,Q2,Quarter 2,2019
5/8/2019,20190508,3,Wednesday,19,W19,Week 19,5,5,May,19-May,2,Q2,Quarter 2,2019
5/9/2019,20190509,4,Thursday,19,W19,Week 19,5,5,May,19-May,2,Q2,Quarter 2,2019
5/10/2019,20190510,5,Friday,19,W19,Week 19,5,5,May,19-May,2,Q2,Quarter 2,2019
5/11/2019,20190511,6,Saturday,19,W19,Week 19,5,5,May,19-May,2,Q2,Quarter 2,2019
5/12/2019,20190512,7,Sunday,19,W19,Week 19,5,5,May,19-May,2,Q2,Quarter 2,2019
5/13/2019,20190513,1,Monday,20,W20,Week 20,5,5,May,19-May,2,Q2,Quarter 2,2019
5/14/2019,20190514,2,Tuesday,20,W20,Week 20,5,5,May,19-May,2,Q2,Quarter 2,2019
5/15/2019,20190515,3,Wednesday,20,W20,Week 20,5,5,May,19-May,2,Q2,Quarter 2,2019
5/16/2019,20190516,4,Thursday,20,W20,Week 20,5,5,May,19-May,2,Q2,Quarter 2,2019
5/17/2019,20190517,5,Friday,20,W20,Week 20,5,5,May,19-May,2,Q2,Quarter 2,2019
5/18/2019,20190518,6,Saturday,20,W20,Week 20,5,5,May,19-May,2,Q2,Quarter 2,2019
5/19/2019,20190519,7,Sunday,20,W20,Week 20,5,5,May,19-May,2,Q2,Quarter 2,2019
5/20/2019,20190520,1,Monday,21,W21,Week 21,5,5,May,19-May,2,Q2,Quarter 2,2019
5/21/2019,20190521,2,Tuesday,21,W21,Week 21,5,5,May,19-May,2,Q2,Quarter 2,2019
5/22/2019,20190522,3,Wednesday,21,W21,Week 21,5,5,May,19-May,2,Q2,Quarter 2,2019
5/23/2019,20190523,4,Thursday,21,W21,Week 21,5,5,May,19-May,2,Q2,Quarter 2,2019
5/24/2019,20190524,5,Friday,21,W21,Week 21,5,5,May,19-May,2,Q2,Quarter 2,2019
5/25/2019,20190525,6,Saturday,21,W21,Week 21,5,5,May,19-May,2,Q2,Quarter 2,2019
5/26/2019,20190526,7,Sunday,21,W21,Week 21,5,5,May,19-May,2,Q2,Quarter 2,2019
5/27/2019,20190527,1,Monday,22,W22,Week 22,5,5,May,19-May,2,Q2,Quarter 2,2019
5/28/2019,20190528,2,Tuesday,22,W22,Week 22,5,5,May,19-May,2,Q2,Quarter 2,2019
5/29/2019,20190529,3,Wednesday,22,W22,Week 22,5,5,May,19-May,2,Q2,Quarter 2,2019
5/30/2019,20190530,4,Thursday,22,W22,Week 22,5,5,May,19-May,2,Q2,Quarter 2,2019
5/31/2019,20190531,5,Friday,22,W22,Week 22,5,5,May,19-May,2,Q2,Quarter 2,2019
6/1/2019,20190601,6,Saturday,22,W22,Week 22,6,6,June,19-Jun,2,Q2,Quarter 2,2019
6/2/2019,20190602,7,Sunday,22,W22,Week 22,6,6,June,19-Jun,2,Q2,Quarter 2,2019
6/3/2019,20190603,1,Monday,23,W23,Week 23,6,6,June,19-Jun,2,Q2,Quarter 2,2019
6/4/2019,20190604,2,Tuesday,23,W23,Week 23,6,6,June,19-Jun,2,Q2,Quarter 2,2019
6/5/2019,20190605,3,Wednesday,23,W23,Week 23,6,6,June,19-Jun,2,Q2,Quarter 2,2019
6/6/2019,20190606,4,Thursday,23,W23,Week 23,6,6,June,19-Jun,2,Q2,Quarter 2,2019
6/7/2019,20190607,5,Friday,23,W23,Week 23,6,6,June,19-Jun,2,Q2,Quarter 2,2019
6/8/2019,20190608,6,Saturday,23,W23,Week 23,6,6,June,19-Jun,2,Q2,Quarter 2,2019
6/9/2019,20190609,7,Sunday,23,W23,Week 23,6,6,June,19-Jun,2,Q2,Quarter 2,2019
6/10/2019,20190610,1,Monday,24,W24,Week 24,6,6,June,19-Jun,2,Q2,Quarter 2,2019
6/11/2019,20190611,2,Tuesday,24,W24,Week 24,6,6,June,19-Jun,2,Q2,Quarter 2,2019
6/12/2019,20190612,3,Wednesday,24,W24,Week 24,6,6,June,19-Jun,2,Q2,Quarter 2,2019
6/13/2019,20190613,4,Thursday,24,W24,Week 24,6,6,June,19-Jun,2,Q2,Quarter 2,2019
6/14/2019,20190614,5,Friday,24,W24,Week 24,6,6,June,19-Jun,2,Q2,Quarter 2,2019
6/15/2019,20190615,6,Saturday,24,W24,Week 24,6,6,June,19-Jun,2,Q2,Quarter 2,2019
6/16/2019,20190616,7,Sunday,24,W24,Week 24,6,6,June,19-Jun,2,Q2,Quarter 2,2019
6/17/2019,20190617,1,Monday,25,W25,Week 25,6,6,June,19-Jun,2,Q2,Quarter 2,2019
6/18/2019,20190618,2,Tuesday,25,W25,Week 25,6,6,June,19-Jun,2,Q2,Quarter 2,2019
6/19/2019,20190619,3,Wednesday,25,W25,Week 25,6,6,June,19-Jun,2,Q2,Quarter 2,2019
6/20/2019,20190620,4,Thursday,25,W25,Week 25,6,6,June,19-Jun,2,Q2,Quarter 2,2019
6/21/2019,20190621,5,Friday,25,W25,Week 25,6,6,June,19-Jun,2,Q2,Quarter 2,2019
6/22/2019,20190622,6,Saturday,25,W25,Week 25,6,6,June,19-Jun,2,Q2,Quarter 2,2019
6/23/2019,20190623,7,Sunday,25,W25,Week 25,6,6,June,19-Jun,2,Q2,Quarter 2,2019
6/24/2019,20190624,1,Monday,26,W26,Week 26,6,6,June,19-Jun,2,Q2,Quarter 2,2019
6/25/2019,20190625,2,Tuesday,26,W26,Week 26,6,6,June,19-Jun,2,Q2,Quarter 2,2019
6/26/2019,20190626,3,Wednesday,26,W26,Week 26,6,6,June,19-Jun,2,Q2,Quarter 2,2019
6/27/2019,20190627,4,Thursday,26,W26,Week 26,6,6,June,19-Jun,2,Q2,Quarter 2,2019
6/28/2019,20190628,5,Friday,26,W26,Week 26,6,6,June,19-Jun,2,Q2,Quarter 2,2019
6/29/2019,20190629,6,Saturday,26,W26,Week 26,6,6,June,19-Jun,2,Q2,Quarter 2,2019
6/30/2019,20190630,7,Sunday,26,W26,Week 26,6,6,June,19-Jun,2,Q2,Quarter 2,2019
7/1/2019,20190701,1,Monday,27,W27,Week 27,7,7,July,19-Jul,3,Q3,Quarter 3,2019
7/2/2019,20190702,2,Tuesday,27,W27,Week 27,7,7,July,19-Jul,3,Q3,Quarter 3,2019
7/3/2019,20190703,3,Wednesday,27,W27,Week 27,7,7,July,19-Jul,3,Q3,Quarter 3,2019
7/4/2019,20190704,4,Thursday,27,W27,Week 27,7,7,July,19-Jul,3,Q3,Quarter 3,2019
7/5/2019,20190705,5,Friday,27,W27,Week 27,7,7,July,19-Jul,3,Q3,Quarter 3,2019
7/6/2019,20190706,6,Saturday,27,W27,Week 27,7,7,July,19-Jul,3,Q3,Quarter 3,2019
7/7/2019,20190707,7,Sunday,27,W27,Week 27,7,7,July,19-Jul,3,Q3,Quarter 3,2019
7/8/2019,20190708,1,Monday,28,W28,Week 28,7,7,July,19-Jul,3,Q3,Quarter 3,2019
7/9/2019,20190709,2,Tuesday,28,W28,Week 28,7,7,July,19-Jul,3,Q3,Quarter 3,2019
7/10/2019,20190710,3,Wednesday,28,W28,Week 28,7,7,July,19-Jul,3,Q3,Quarter 3,2019
7/11/2019,20190711,4,Thursday,28,W28,Week 28,7,7,July,19-Jul,3,Q3,Quarter 3,2019
7/12/2019,20190712,5,Friday,28,W28,Week 28,7,7,July,19-Jul,3,Q3,Quarter 3,2019
7/13/2019,20190713,6,Saturday,28,W28,Week 28,7,7,July,19-Jul,3,Q3,Quarter 3,2019
7/14/2019,20190714,7,Sunday,28,W28,Week 28,7,7,July,19-Jul,3,Q3,Quarter 3,2019
7/15/2019,20190715,1,Monday,29,W29,Week 29,7,7,July,19-Jul,3,Q3,Quarter 3,2019
7/16/2019,20190716,2,Tuesday,29,W29,Week 29,7,7,July,19-Jul,3,Q3,Quarter 3,2019
7/17/2019,20190717,3,Wednesday,29,W29,Week 29,7,7,July,19-Jul,3,Q3,Quarter 3,2019
7/18/2019,20190718,4,Thursday,29,W29,Week 29,7,7,July,19-Jul,3,Q3,Quarter 3,2019
7/19/2019,20190719,5,Friday,29,W29,Week 29,7,7,July,19-Jul,3,Q3,Quarter 3,2019
7/20/2019,20190720,6,Saturday,29,W29,Week 29,7,7,July,19-Jul,3,Q3,Quarter 3,2019
7/21/2019,20190721,7,Sunday,29,W29,Week 29,7,7,July,19-Jul,3,Q3,Quarter 3,2019
7/22/2019,20190722,1,Monday,30,W30,Week 30,7,7,July,19-Jul,3,Q3,Quarter 3,2019
7/23/2019,20190723,2,Tuesday,30,W30,Week 30,7,7,July,19-Jul,3,Q3,Quarter 3,2019
7/24/2019,20190724,3,Wednesday,30,W30,Week 30,7,7,July,19-Jul,3,Q3,Quarter 3,2019
7/25/2019,20190725,4,Thursday,30,W30,Week 30,7,7,July,19-Jul,3,Q3,Quarter 3,2019
7/26/2019,20190726,5,Friday,30,W30,Week 30,7,7,July,19-Jul,3,Q3,Quarter 3,2019
7/27/2019,20190727,6,Saturday,30,W30,Week 30,7,7,July,19-Jul,3,Q3,Quarter 3,2019
7/28/2019,20190728,7,Sunday,30,W30,Week 30,7,7,July,19-Jul,3,Q3,Quarter 3,2019
7/29/2019,20190729,1,Monday,31,W31,Week 31,7,7,July,19-Jul,3,Q3,Quarter 3,2019
7/30/2019,20190730,2,Tuesday,31,W31,Week 31,7,7,July,19-Jul,3,Q3,Quarter 3,2019
7/31/2019,20190731,3,Wednesday,31,W31,Week 31,7,7,July,19-Jul,3,Q3,Quarter 3,2019
8/1/2019,20190801,4,Thursday,31,W31,Week 31,8,8,August,19-Aug,3,Q3,Quarter 3,2019
8/2/2019,20190802,5,Friday,31,W31,Week 31,8,8,August,19-Aug,3,Q3,Quarter 3,2019
8/3/2019,20190803,6,Saturday,31,W31,Week 31,8,8,August,19-Aug,3,Q3,Quarter 3,2019
8/4/2019,20190804,7,Sunday,31,W31,Week 31,8,8,August,19-Aug,3,Q3,Quarter 3,2019
8/5/2019,20190805,1,Monday,32,W32,Week 32,8,8,August,19-Aug,3,Q3,Quarter 3,2019
8/6/2019,20190806,2,Tuesday,32,W32,Week 32,8,8,August,19-Aug,3,Q3,Quarter 3,2019
8/7/2019,20190807,3,Wednesday,32,W32,Week 32,8,8,August,19-Aug,3,Q3,Quarter 3,2019
8/8/2019,20190808,4,Thursday,32,W32,Week 32,8,8,August,19-Aug,3,Q3,Quarter 3,2019
8/9/2019,20190809,5,Friday,32,W32,Week 32,8,8,August,19-Aug,3,Q3,Quarter 3,2019
8/10/2019,20190810,6,Saturday,32,W32,Week 32,8,8,August,19-Aug,3,Q3,Quarter 3,2019
8/11/2019,20190811,7,Sunday,32,W32,Week 32,8,8,August,19-Aug,3,Q3,Quarter 3,2019
8/12/2019,20190812,1,Monday,33,W33,Week 33,8,8,August,19-Aug,3,Q3,Quarter 3,2019
8/13/2019,20190813,2,Tuesday,33,W33,Week 33,8,8,August,19-Aug,3,Q3,Quarter 3,2019
8/14/2019,20190814,3,Wednesday,33,W33,Week 33,8,8,August,19-Aug,3,Q3,Quarter 3,2019
8/15/2019,20190815,4,Thursday,33,W33,Week 33,8,8,August,19-Aug,3,Q3,Quarter 3,2019
8/16/2019,20190816,5,Friday,33,W33,Week 33,8,8,August,19-Aug,3,Q3,Quarter 3,2019
8/17/2019,20190817,6,Saturday,33,W33,Week 33,8,8,August,19-Aug,3,Q3,Quarter 3,2019
8/18/2019,20190818,7,Sunday,33,W33,Week 33,8,8,August,19-Aug,3,Q3,Quarter 3,2019
8/19/2019,20190819,1,Monday,34,W34,Week 34,8,8,August,19-Aug,3,Q3,Quarter 3,2019
8/20/2019,20190820,2,Tuesday,34,W34,Week 34,8,8,August,19-Aug,3,Q3,Quarter 3,2019
8/21/2019,20190821,3,Wednesday,34,W34,Week 34,8,8,August,19-Aug,3,Q3,Quarter 3,2019
8/22/2019,20190822,4,Thursday,34,W34,Week 34,8,8,August,19-Aug,3,Q3,Quarter 3,2019
8/23/2019,20190823,5,Friday,34,W34,Week 34,8,8,August,19-Aug,3,Q3,Quarter 3,2019
8/24/2019,20190824,6,Saturday,34,W34,Week 34,8,8,August,19-Aug,3,Q3,Quarter 3,2019
8/25/2019,20190825,7,Sunday,34,W34,Week 34,8,8,August,19-Aug,3,Q3,Quarter 3,2019
8/26/2019,20190826,1,Monday,35,W35,Week 35,8,8,August,19-Aug,3,Q3,Quarter 3,2019
8/27/2019,20190827,2,Tuesday,35,W35,Week 35,8,8,August,19-Aug,3,Q3,Quarter 3,2019
8/28/2019,20190828,3,Wednesday,35,W35,Week 35,8,8,August,19-Aug,3,Q3,Quarter 3,2019
8/29/2019,20190829,4,Thursday,35,W35,Week 35,8,8,August,19-Aug,3,Q3,Quarter 3,2019
8/30/2019,20190830,5,Friday,35,W35,Week 35,8,8,August,19-Aug,3,Q3,Quarter 3,2019
8/31/2019,20190831,6,Saturday,35,W35,Week 35,8,8,August,19-Aug,3,Q3,Quarter 3,2019
9/1/2019,20190901,7,Sunday,35,W35,Week 35,9,9,September,19-Sep,3,Q3,Quarter 3,2019
9/2/2019,20190902,1,Monday,36,W36,Week 36,9,9,September,19-Sep,3,Q3,Quarter 3,2019
9/3/2019,20190903,2,Tuesday,36,W36,Week 36,9,9,September,19-Sep,3,Q3,Quarter 3,2019
9/4/2019,20190904,3,Wednesday,36,W36,Week 36,9,9,September,19-Sep,3,Q3,Quarter 3,2019
9/5/2019,20190905,4,Thursday,36,W36,Week 36,9,9,September,19-Sep,3,Q3,Quarter 3,2019
9/6/2019,20190906,5,Friday,36,W36,Week 36,9,9,September,19-Sep,3,Q3,Quarter 3,2019
9/7/2019,20190907,6,Saturday,36,W36,Week 36,9,9,September,19-Sep,3,Q3,Quarter 3,2019
9/8/2019,20190908,7,Sunday,36,W36,Week 36,9,9,September,19-Sep,3,Q3,Quarter 3,2019
9/9/2019,20190909,1,Monday,37,W37,Week 37,9,9,September,19-Sep,3,Q3,Quarter 3,2019
9/10/2019,20190910,2,Tuesday,37,W37,Week 37,9,9,September,19-Sep,3,Q3,Quarter 3,2019
9/11/2019,20190911,3,Wednesday,37,W37,Week 37,9,9,September,19-Sep,3,Q3,Quarter 3,2019
9/12/2019,20190912,4,Thursday,37,W37,Week 37,9,9,September,19-Sep,3,Q3,Quarter 3,2019
9/13/2019,20190913,5,Friday,37,W37,Week 37,9,9,September,19-Sep,3,Q3,Quarter 3,2019
9/14/2019,20190914,6,Saturday,37,W37,Week 37,9,9,September,19-Sep,3,Q3,Quarter 3,2019
9/15/2019,20190915,7,Sunday,37,W37,Week 37,9,9,September,19-Sep,3,Q3,Quarter 3,2019
9/16/2019,20190916,1,Monday,38,W38,Week 38,9,9,September,19-Sep,3,Q3,Quarter 3,2019
9/17/2019,20190917,2,Tuesday,38,W38,Week 38,9,9,September,19-Sep,3,Q3,Quarter 3,2019
9/18/2019,20190918,3,Wednesday,38,W38,Week 38,9,9,September,19-Sep,3,Q3,Quarter 3,2019
9/19/2019,20190919,4,Thursday,38,W38,Week 38,9,9,September,19-Sep,3,Q3,Quarter 3,2019
9/20/2019,20190920,5,Friday,38,W38,Week 38,9,9,September,19-Sep,3,Q3,Quarter 3,2019
9/21/2019,20190921,6,Saturday,38,W38,Week 38,9,9,September,19-Sep,3,Q3,Quarter 3,2019
9/22/2019,20190922,7,Sunday,38,W38,Week 38,9,9,September,19-Sep,3,Q3,Quarter 3,2019
9/23/2019,20190923,1,Monday,39,W39,Week 39,9,9,September,19-Sep,3,Q3,Quarter 3,2019
9/24/2019,20190924,2,Tuesday,39,W39,Week 39,9,9,September,19-Sep,3,Q3,Quarter 3,2019
9/25/2019,20190925,3,Wednesday,39,W39,Week 39,9,9,September,19-Sep,3,Q3,Quarter 3,2019
9/26/2019,20190926,4,Thursday,39,W39,Week 39,9,9,September,19-Sep,3,Q3,Quarter 3,2019
9/27/2019,20190927,5,Friday,39,W39,Week 39,9,9,September,19-Sep,3,Q3,Quarter 3,2019
9/28/2019,20190928,6,Saturday,39,W39,Week 39,9,9,September,19-Sep,3,Q3,Quarter 3,2019
9/29/2019,20190929,7,Sunday,39,W39,Week 39,9,9,September,19-Sep,3,Q3,Quarter 3,2019
9/30/2019,20190930,1,Monday,40,W40,Week 40,9,9,September,19-Sep,3,Q3,Quarter 3,2019
10/1/2019,20191001,2,Tuesday,40,W40,Week 40,10,10,October,19-Oct,4,Q4,Quarter 4,2019
10/2/2019,20191002,3,Wednesday,40,W40,Week 40,10,10,October,19-Oct,4,Q4,Quarter 4,2019
10/3/2019,20191003,4,Thursday,40,W40,Week 40,10,10,October,19-Oct,4,Q4,Quarter 4,2019
10/4/2019,20191004,5,Friday,40,W40,Week 40,10,10,October,19-Oct,4,Q4,Quarter 4,2019
10/5/2019,20191005,6,Saturday,40,W40,Week 40,10,10,October,19-Oct,4,Q4,Quarter 4,2019
10/6/2019,20191006,7,Sunday,40,W40,Week 40,10,10,October,19-Oct,4,Q4,Quarter 4,2019
10/7/2019,20191007,1,Monday,41,W41,Week 41,10,10,October,19-Oct,4,Q4,Quarter 4,2019
10/8/2019,20191008,2,Tuesday,41,W41,Week 41,10,10,October,19-Oct,4,Q4,Quarter 4,2019
10/9/2019,20191009,3,Wednesday,41,W41,Week 41,10,10,October,19-Oct,4,Q4,Quarter 4,2019
10/10/2019,20191010,4,Thursday,41,W41,Week 41,10,10,October,19-Oct,4,Q4,Quarter 4,2019
10/11/2019,20191011,5,Friday,41,W41,Week 41,10,10,October,19-Oct,4,Q4,Quarter 4,2019
10/12/2019,20191012,6,Saturday,41,W41,Week 41,10,10,October,19-Oct,4,Q4,Quarter 4,2019
10/13/2019,20191013,7,Sunday,41,W41,Week 41,10,10,October,19-Oct,4,Q4,Quarter 4,2019
10/14/2019,20191014,1,Monday,42,W42,Week 42,10,10,October,19-Oct,4,Q4,Quarter 4,2019
10/15/2019,20191015,2,Tuesday,42,W42,Week 42,10,10,October,19-Oct,4,Q4,Quarter 4,2019
10/16/2019,20191016,3,Wednesday,42,W42,Week 42,10,10,October,19-Oct,4,Q4,Quarter 4,2019
10/17/2019,20191017,4,Thursday,42,W42,Week 42,10,10,October,19-Oct,4,Q4,Quarter 4,2019
10/18/2019,20191018,5,Friday,42,W42,Week 42,10,10,October,19-Oct,4,Q4,Quarter 4,2019
10/19/2019,20191019,6,Saturday,42,W42,Week 42,10,10,October,19-Oct,4,Q4,Quarter 4,2019
10/20/2019,20191020,7,Sunday,42,W42,Week 42,10,10,October,19-Oct,4,Q4,Quarter 4,2019
10/21/2019,20191021,1,Monday,43,W43,Week 43,10,10,October,19-Oct,4,Q4,Quarter 4,2019
10/22/2019,20191022,2,Tuesday,43,W43,Week 43,10,10,October,19-Oct,4,Q4,Quarter 4,2019
10/23/2019,20191023,3,Wednesday,43,W43,Week 43,10,10,October,19-Oct,4,Q4,Quarter 4,2019
10/24/2019,20191024,4,Thursday,43,W43,Week 43,10,10,October,19-Oct,4,Q4,Quarter 4,2019
10/25/2019,20191025,5,Friday,43,W43,Week 43,10,10,October,19-Oct,4,Q4,Quarter 4,2019
10/26/2019,20191026,6,Saturday,43,W43,Week 43,10,10,October,19-Oct,4,Q4,Quarter 4,2019
10/27/2019,20191027,7,Sunday,43,W43,Week 43,10,10,October,19-Oct,4,Q4,Quarter 4,2019
10/28/2019,20191028,1,Monday,44,W44,Week 44,10,10,October,19-Oct,4,Q4,Quarter 4,2019
10/29/2019,20191029,2,Tuesday,44,W44,Week 44,10,10,October,19-Oct,4,Q4,Quarter 4,2019
10/30/2019,20191030,3,Wednesday,44,W44,Week 44,10,10,October,19-Oct,4,Q4,Quarter 4,2019
10/31/2019,20191031,4,Thursday,44,W44,Week 44,10,10,October,19-Oct,4,Q4,Quarter 4,2019
11/1/2019,20191101,5,Friday,44,W44,Week 44,11,11,November,19-Nov,4,Q4,Quarter 4,2019
11/2/2019,20191102,6,Saturday,44,W44,Week 44,11,11,November,19-Nov,4,Q4,Quarter 4,2019
11/3/2019,20191103,7,Sunday,44,W44,Week 44,11,11,November,19-Nov,4,Q4,Quarter 4,2019
11/4/2019,20191104,1,Monday,45,W45,Week 45,11,11,November,19-Nov,4,Q4,Quarter 4,2019
11/5/2019,20191105,2,Tuesday,45,W45,Week 45,11,11,November,19-Nov,4,Q4,Quarter 4,2019
11/6/2019,20191106,3,Wednesday,45,W45,Week 45,11,11,November,19-Nov,4,Q4,Quarter 4,2019
11/7/2019,20191107,4,Thursday,45,W45,Week 45,11,11,November,19-Nov,4,Q4,Quarter 4,2019
11/8/2019,20191108,5,Friday,45,W45,Week 45,11,11,November,19-Nov,4,Q4,Quarter 4,2019
11/9/2019,20191109,6,Saturday,45,W45,Week 45,11,11,November,19-Nov,4,Q4,Quarter 4,2019
11/10/2019,20191110,7,Sunday,45,W45,Week 45,11,11,November,19-Nov,4,Q4,Quarter 4,2019
11/11/2019,20191111,1,Monday,46,W46,Week 46,11,11,November,19-Nov,4,Q4,Quarter 4,2019
11/12/2019,20191112,2,Tuesday,46,W46,Week 46,11,11,November,19-Nov,4,Q4,Quarter 4,2019
11/13/2019,20191113,3,Wednesday,46,W46,Week 46,11,11,November,19-Nov,4,Q4,Quarter 4,2019
11/14/2019,20191114,4,Thursday,46,W46,Week 46,11,11,November,19-Nov,4,Q4,Quarter 4,2019
11/15/2019,20191115,5,Friday,46,W46,Week 46,11,11,November,19-Nov,4,Q4,Quarter 4,2019
11/16/2019,20191116,6,Saturday,46,W46,Week 46,11,11,November,19-Nov,4,Q4,Quarter 4,2019
11/17/2019,20191117,7,Sunday,46,W46,Week 46,11,11,November,19-Nov,4,Q4,Quarter 4,2019
11/18/2019,20191118,1,Monday,47,W47,Week 47,11,11,November,19-Nov,4,Q4,Quarter 4,2019
11/19/2019,20191119,2,Tuesday,47,W47,Week 47,11,11,November,19-Nov,4,Q4,Quarter 4,2019
11/20/2019,20191120,3,Wednesday,47,W47,Week 47,11,11,November,19-Nov,4,Q4,Quarter 4,2019
11/21/2019,20191121,4,Thursday,47,W47,Week 47,11,11,November,19-Nov,4,Q4,Quarter 4,2019
11/22/2019,20191122,5,Friday,47,W47,Week 47,11,11,November,19-Nov,4,Q4,Quarter 4,2019
11/23/2019,20191123,6,Saturday,47,W47,Week 47,11,11,November,19-Nov,4,Q4,Quarter 4,2019
11/24/2019,20191124,7,Sunday,47,W47,Week 47,11,11,November,19-Nov,4,Q4,Quarter 4,2019
11/25/2019,20191125,1,Monday,48,W48,Week 48,11,11,November,19-Nov,4,Q4,Quarter 4,2019
11/26/2019,20191126,2,Tuesday,48,W48,Week 48,11,11,November,19-Nov,4,Q4,Quarter 4,2019
11/27/2019,20191127,3,Wednesday,48,W48,Week 48,11,11,November,19-Nov,4,Q4,Quarter 4,2019
11/28/2019,20191128,4,Thursday,48,W48,Week 48,11,11,November,19-Nov,4,Q4,Quarter 4,2019
11/29/2019,20191129,5,Friday,48,W48,Week 48,11,11,November,19-Nov,4,Q4,Quarter 4,2019
11/30/2019,20191130,6,Saturday,48,W48,Week 48,11,11,November,19-Nov,4,Q4,Quarter 4,2019
12/1/2019,20191201,7,Sunday,48,W48,Week 48,12,12,December,19-Dec,4,Q4,Quarter 4,2019
12/2/2019,20191202,1,Monday,49,W49,Week 49,12,12,December,19-Dec,4,Q4,Quarter 4,2019
12/3/2019,20191203,2,Tuesday,49,W49,Week 49,12,12,December,19-Dec,4,Q4,Quarter 4,2019
12/4/2019,20191204,3,Wednesday,49,W49,Week 49,12,12,December,19-Dec,4,Q4,Quarter 4,2019
12/5/2019,20191205,4,Thursday,49,W49,Week 49,12,12,December,19-Dec,4,Q4,Quarter 4,2019
12/6/2019,20191206,5,Friday,49,W49,Week 49,12,12,December,19-Dec,4,Q4,Quarter 4,2019
12/7/2019,20191207,6,Saturday,49,W49,Week 49,12,12,December,19-Dec,4,Q4,Quarter 4,2019
12/8/2019,20191208,7,Sunday,49,W49,Week 49,12,12,December,19-Dec,4,Q4,Quarter 4,2019
12/9/2019,20191209,1,Monday,50,W50,Week 50,12,12,December,19-Dec,4,Q4,Quarter 4,2019
12/10/2019,20191210,2,Tuesday,50,W50,Week 50,12,12,December,19-Dec,4,Q4,Quarter 4,2019
12/11/2019,20191211,3,Wednesday,50,W50,Week 50,12,12,December,19-Dec,4,Q4,Quarter 4,2019
12/12/2019,20191212,4,Thursday,50,W50,Week 50,12,12,December,19-Dec,4,Q4,Quarter 4,2019
12/13/2019,20191213,5,Friday,50,W50,Week 50,12,12,December,19-Dec,4,Q4,Quarter 4,2019
12/14/2019,20191214,6,Saturday,50,W50,Week 50,12,12,December,19-Dec,4,Q4,Quarter 4,2019
12/15/2019,20191215,7,Sunday,50,W50,Week 50,12,12,December,19-Dec,4,Q4,Quarter 4,2019
12/16/2019,20191216,1,Monday,51,W51,Week 51,12,12,December,19-Dec,4,Q4,Quarter 4,2019
12/17/2019,20191217,2,Tuesday,51,W51,Week 51,12,12,December,19-Dec,4,Q4,Quarter 4,2019
12/18/2019,20191218,3,Wednesday,51,W51,Week 51,12,12,December,19-Dec,4,Q4,Quarter 4,2019
12/19/2019,20191219,4,Thursday,51,W51,Week 51,12,12,December,19-Dec,4,Q4,Quarter 4,2019
12/20/2019,20191220,5,Friday,51,W51,Week 51,12,12,December,19-Dec,4,Q4,Quarter 4,2019
12/21/2019,20191221,6,Saturday,51,W51,Week 51,12,12,December,19-Dec,4,Q4,Quarter 4,2019
12/22/2019,20191222,7,Sunday,51,W51,Week 51,12,12,December,19-Dec,4,Q4,Quarter 4,2019
12/23/2019,20191223,1,Monday,52,W52,Week 52,12,12,December,19-Dec,4,Q4,Quarter 4,2019
12/24/2019,20191224,2,Tuesday,52,W52,Week 52,12,12,December,19-Dec,4,Q4,Quarter 4,2019
12/25/2019,20191225,3,Wednesday,52,W52,Week 52,12,12,December,19-Dec,4,Q4,Quarter 4,2019
12/26/2019,20191226,4,Thursday,52,W52,Week 52,12,12,December,19-Dec,4,Q4,Quarter 4,2019
12/27/2019,20191227,5,Friday,52,W52,Week 52,12,12,December,19-Dec,4,Q4,Quarter 4,2019
12/28/2019,20191228,6,Saturday,52,W52,Week 52,12,12,December,19-Dec,4,Q4,Quarter 4,2019
12/29/2019,20191229,7,Sunday,52,W52,Week 52,12,12,December,19-Dec,4,Q4,Quarter 4,2019
12/30/2019,20191230,1,Monday,53,W53,Week 53,12,12,December,19-Dec,4,Q4,Quarter 4,2019
12/31/2019,20191231,2,Tuesday,53,W53,Week 53,12,12,December,19-Dec,4,Q4,Quarter 4,2019
1/1/2020,20200101,3,Wednesday,1,W01,Week 01,1,1,January,20-Jan,1,Q1,Quarter 1,2020
1/2/2020,20200102,4,Thursday,1,W01,Week 01,1,1,January,20-Jan,1,Q1,Quarter 1,2020
1/3/2020,20200103,5,Friday,1,W01,Week 01,1,1,January,20-Jan,1,Q1,Quarter 1,2020
1/4/2020,20200104,6,Saturday,1,W01,Week 01,1,1,January,20-Jan,1,Q1,Quarter 1,2020
1/5/2020,20200105,7,Sunday,1,W01,Week 01,1,1,January,20-Jan,1,Q1,Quarter 1,2020
1/6/2020,20200106,1,Monday,2,W02,Week 02,1,1,January,20-Jan,1,Q1,Quarter 1,2020
1/7/2020,20200107,2,Tuesday,2,W02,Week 02,1,1,January,20-Jan,1,Q1,Quarter 1,2020
1/8/2020,20200108,3,Wednesday,2,W02,Week 02,1,1,January,20-Jan,1,Q1,Quarter 1,2020
1/9/2020,20200109,4,Thursday,2,W02,Week 02,1,1,January,20-Jan,1,Q1,Quarter 1,2020
1/10/2020,20200110,5,Friday,2,W02,Week 02,1,1,January,20-Jan,1,Q1,Quarter 1,2020
1/11/2020,20200111,6,Saturday,2,W02,Week 02,1,1,January,20-Jan,1,Q1,Quarter 1,2020
1/12/2020,20200112,7,Sunday,2,W02,Week 02,1,1,January,20-Jan,1,Q1,Quarter 1,2020
1/13/2020,20200113,1,Monday,3,W03,Week 03,1,1,January,20-Jan,1,Q1,Quarter 1,2020
1/14/2020,20200114,2,Tuesday,3,W03,Week 03,1,1,January,20-Jan,1,Q1,Quarter 1,2020
1/15/2020,20200115,3,Wednesday,3,W03,Week 03,1,1,January,20-Jan,1,Q1,Quarter 1,2020
1/16/2020,20200116,4,Thursday,3,W03,Week 03,1,1,January,20-Jan,1,Q1,Quarter 1,2020
1/17/2020,20200117,5,Friday,3,W03,Week 03,1,1,January,20-Jan,1,Q1,Quarter 1,2020
1/18/2020,20200118,6,Saturday,3,W03,Week 03,1,1,January,20-Jan,1,Q1,Quarter 1,2020
1/19/2020,20200119,7,Sunday,3,W03,Week 03,1,1,January,20-Jan,1,Q1,Quarter 1,2020
1/20/2020,20200120,1,Monday,4,W04,Week 04,1,1,January,20-Jan,1,Q1,Quarter 1,2020
1/21/2020,20200121,2,Tuesday,4,W04,Week 04,1,1,January,20-Jan,1,Q1,Quarter 1,2020
1/22/2020,20200122,3,Wednesday,4,W04,Week 04,1,1,January,20-Jan,1,Q1,Quarter 1,2020
1/23/2020,20200123,4,Thursday,4,W04,Week 04,1,1,January,20-Jan,1,Q1,Quarter 1,2020
1/24/2020,20200124,5,Friday,4,W04,Week 04,1,1,January,20-Jan,1,Q1,Quarter 1,2020
1/25/2020,20200125,6,Saturday,4,W04,Week 04,1,1,January,20-Jan,1,Q1,Quarter 1,2020
1/26/2020,20200126,7,Sunday,4,W04,Week 04,1,1,January,20-Jan,1,Q1,Quarter 1,2020
1/27/2020,20200127,1,Monday,5,W05,Week 05,1,1,January,20-Jan,1,Q1,Quarter 1,2020
1/28/2020,20200128,2,Tuesday,5,W05,Week 05,1,1,January,20-Jan,1,Q1,Quarter 1,2020
1/29/2020,20200129,3,Wednesday,5,W05,Week 05,1,1,January,20-Jan,1,Q1,Quarter 1,2020
1/30/2020,20200130,4,Thursday,5,W05,Week 05,1,1,January,20-Jan,1,Q1,Quarter 1,2020
1/31/2020,20200131,5,Friday,5,W05,Week 05,1,1,January,20-Jan,1,Q1,Quarter 1,2020
2/1/2020,20200201,6,Saturday,5,W05,Week 05,2,2,February,20-Feb,1,Q1,Quarter 1,2020
2/2/2020,20200202,7,Sunday,5,W05,Week 05,2,2,February,20-Feb,1,Q1,Quarter 1,2020
2/3/2020,20200203,1,Monday,6,W06,Week 06,2,2,February,20-Feb,1,Q1,Quarter 1,2020
2/4/2020,20200204,2,Tuesday,6,W06,Week 06,2,2,February,20-Feb,1,Q1,Quarter 1,2020
2/5/2020,20200205,3,Wednesday,6,W06,Week 06,2,2,February,20-Feb,1,Q1,Quarter 1,2020
2/6/2020,20200206,4,Thursday,6,W06,Week 06,2,2,February,20-Feb,1,Q1,Quarter 1,2020
2/7/2020,20200207,5,Friday,6,W06,Week 06,2,2,February,20-Feb,1,Q1,Quarter 1,2020
2/8/2020,20200208,6,Saturday,6,W06,Week 06,2,2,February,20-Feb,1,Q1,Quarter 1,2020
2/9/2020,20200209,7,Sunday,6,W06,Week 06,2,2,February,20-Feb,1,Q1,Quarter 1,2020
2/10/2020,20200210,1,Monday,7,W07,Week 07,2,2,February,20-Feb,1,Q1,Quarter 1,2020
2/11/2020,20200211,2,Tuesday,7,W07,Week 07,2,2,February,20-Feb,1,Q1,Quarter 1,2020
2/12/2020,20200212,3,Wednesday,7,W07,Week 07,2,2,February,20-Feb,1,Q1,Quarter 1,2020
2/13/2020,20200213,4,Thursday,7,W07,Week 07,2,2,February,20-Feb,1,Q1,Quarter 1,2020
2/14/2020,20200214,5,Friday,7,W07,Week 07,2,2,February,20-Feb,1,Q1,Quarter 1,2020
2/15/2020,20200215,6,Saturday,7,W07,Week 07,2,2,February,20-Feb,1,Q1,Quarter 1,2020
2/16/2020,20200216,7,Sunday,7,W07,Week 07,2,2,February,20-Feb,1,Q1,Quarter 1,2020
2/17/2020,20200217,1,Monday,8,W08,Week 08,2,2,February,20-Feb,1,Q1,Quarter 1,2020
2/18/2020,20200218,2,Tuesday,8,W08,Week 08,2,2,February,20-Feb,1,Q1,Quarter 1,2020
2/19/2020,20200219,3,Wednesday,8,W08,Week 08,2,2,February,20-Feb,1,Q1,Quarter 1,2020
2/20/2020,20200220,4,Thursday,8,W08,Week 08,2,2,February,20-Feb,1,Q1,Quarter 1,2020
2/21/2020,20200221,5,Friday,8,W08,Week 08,2,2,February,20-Feb,1,Q1,Quarter 1,2020
2/22/2020,20200222,6,Saturday,8,W08,Week 08,2,2,February,20-Feb,1,Q1,Quarter 1,2020
2/23/2020,20200223,7,Sunday,8,W08,Week 08,2,2,February,20-Feb,1,Q1,Quarter 1,2020
2/24/2020,20200224,1,Monday,9,W09,Week 09,2,2,February,20-Feb,1,Q1,Quarter 1,2020
2/25/2020,20200225,2,Tuesday,9,W09,Week 09,2,2,February,20-Feb,1,Q1,Quarter 1,2020
2/26/2020,20200226,3,Wednesday,9,W09,Week 09,2,2,February,20-Feb,1,Q1,Quarter 1,2020
2/27/2020,20200227,4,Thursday,9,W09,Week 09,2,2,February,20-Feb,1,Q1,Quarter 1,2020
2/28/2020,20200228,5,Friday,9,W09,Week 09,2,2,February,20-Feb,1,Q1,Quarter 1,2020
2/29/2020,20200229,6,Saturday,9,W09,Week 09,2,2,February,20-Feb,1,Q1,Quarter 1,2020
3/1/2020,20200301,7,Sunday,9,W09,Week 09,3,3,March,20-Mar,1,Q1,Quarter 1,2020
3/2/2020,20200302,1,Monday,10,W10,Week 10,3,3,March,20-Mar,1,Q1,Quarter 1,2020
3/3/2020,20200303,2,Tuesday,10,W10,Week 10,3,3,March,20-Mar,1,Q1,Quarter 1,2020
3/4/2020,20200304,3,Wednesday,10,W10,Week 10,3,3,March,20-Mar,1,Q1,Quarter 1,2020
3/5/2020,20200305,4,Thursday,10,W10,Week 10,3,3,March,20-Mar,1,Q1,Quarter 1,2020
3/6/2020,20200306,5,Friday,10,W10,Week 10,3,3,March,20-Mar,1,Q1,Quarter 1,2020
3/7/2020,20200307,6,Saturday,10,W10,Week 10,3,3,March,20-Mar,1,Q1,Quarter 1,2020
3/8/2020,20200308,7,Sunday,10,W10,Week 10,3,3,March,20-Mar,1,Q1,Quarter 1,2020
3/9/2020,20200309,1,Monday,11,W11,Week 11,3,3,March,20-Mar,1,Q1,Quarter 1,2020
3/10/2020,20200310,2,Tuesday,11,W11,Week 11,3,3,March,20-Mar,1,Q1,Quarter 1,2020
3/11/2020,20200311,3,Wednesday,11,W11,Week 11,3,3,March,20-Mar,1,Q1,Quarter 1,2020
3/12/2020,20200312,4,Thursday,11,W11,Week 11,3,3,March,20-Mar,1,Q1,Quarter 1,2020
3/13/2020,20200313,5,Friday,11,W11,Week 11,3,3,March,20-Mar,1,Q1,Quarter 1,2020
3/14/2020,20200314,6,Saturday,11,W11,Week 11,3,3,March,20-Mar,1,Q1,Quarter 1,2020
3/15/2020,20200315,7,Sunday,11,W11,Week 11,3,3,March,20-Mar,1,Q1,Quarter 1,2020
3/16/2020,20200316,1,Monday,12,W12,Week 12,3,3,March,20-Mar,1,Q1,Quarter 1,2020
3/17/2020,20200317,2,Tuesday,12,W12,Week 12,3,3,March,20-Mar,1,Q1,Quarter 1,2020
3/18/2020,20200318,3,Wednesday,12,W12,Week 12,3,3,March,20-Mar,1,Q1,Quarter 1,2020
3/19/2020,20200319,4,Thursday,12,W12,Week 12,3,3,March,20-Mar,1,Q1,Quarter 1,2020
3/20/2020,20200320,5,Friday,12,W12,Week 12,3,3,March,20-Mar,1,Q1,Quarter 1,2020
3/21/2020,20200321,6,Saturday,12,W12,Week 12,3,3,March,20-Mar,1,Q1,Quarter 1,2020
3/22/2020,20200322,7,Sunday,12,W12,Week 12,3,3,March,20-Mar,1,Q1,Quarter 1,2020
3/23/2020,20200323,1,Monday,13,W13,Week 13,3,3,March,20-Mar,1,Q1,Quarter 1,2020
3/24/2020,20200324,2,Tuesday,13,W13,Week 13,3,3,March,20-Mar,1,Q1,Quarter 1,2020
3/25/2020,20200325,3,Wednesday,13,W13,Week 13,3,3,March,20-Mar,1,Q1,Quarter 1,2020
3/26/2020,20200326,4,Thursday,13,W13,Week 13,3,3,March,20-Mar,1,Q1,Quarter 1,2020
3/27/2020,20200327,5,Friday,13,W13,Week 13,3,3,March,20-Mar,1,Q1,Quarter 1,2020
3/28/2020,20200328,6,Saturday,13,W13,Week 13,3,3,March,20-Mar,1,Q1,Quarter 1,2020
3/29/2020,20200329,7,Sunday,13,W13,Week 13,3,3,March,20-Mar,1,Q1,Quarter 1,2020
3/30/2020,20200330,1,Monday,14,W14,Week 14,3,3,March,20-Mar,1,Q1,Quarter 1,2020
3/31/2020,20200331,2,Tuesday,14,W14,Week 14,3,3,March,20-Mar,1,Q1,Quarter 1,2020
4/1/2020,20200401,3,Wednesday,14,W14,Week 14,4,4,April,20-Apr,2,Q2,Quarter 2,2020
4/2/2020,20200402,4,Thursday,14,W14,Week 14,4,4,April,20-Apr,2,Q2,Quarter 2,2020
4/3/2020,20200403,5,Friday,14,W14,Week 14,4,4,April,20-Apr,2,Q2,Quarter 2,2020
4/4/2020,20200404,6,Saturday,14,W14,Week 14,4,4,April,20-Apr,2,Q2,Quarter 2,2020
4/5/2020,20200405,7,Sunday,14,W14,Week 14,4,4,April,20-Apr,2,Q2,Quarter 2,2020
4/6/2020,20200406,1,Monday,15,W15,Week 15,4,4,April,20-Apr,2,Q2,Quarter 2,2020
4/7/2020,20200407,2,Tuesday,15,W15,Week 15,4,4,April,20-Apr,2,Q2,Quarter 2,2020
4/8/2020,20200408,3,Wednesday,15,W15,Week 15,4,4,April,20-Apr,2,Q2,Quarter 2,2020
4/9/2020,20200409,4,Thursday,15,W15,Week 15,4,4,April,20-Apr,2,Q2,Quarter 2,2020
4/10/2020,20200410,5,Friday,15,W15,Week 15,4,4,April,20-Apr,2,Q2,Quarter 2,2020
4/11/2020,20200411,6,Saturday,15,W15,Week 15,4,4,April,20-Apr,2,Q2,Quarter 2,2020
4/12/2020,20200412,7,Sunday,15,W15,Week 15,4,4,April,20-Apr,2,Q2,Quarter 2,2020
4/13/2020,20200413,1,Monday,16,W16,Week 16,4,4,April,20-Apr,2,Q2,Quarter 2,2020
4/14/2020,20200414,2,Tuesday,16,W16,Week 16,4,4,April,20-Apr,2,Q2,Quarter 2,2020
4/15/2020,20200415,3,Wednesday,16,W16,Week 16,4,4,April,20-Apr,2,Q2,Quarter 2,2020
4/16/2020,20200416,4,Thursday,16,W16,Week 16,4,4,April,20-Apr,2,Q2,Quarter 2,2020
4/17/2020,20200417,5,Friday,16,W16,Week 16,4,4,April,20-Apr,2,Q2,Quarter 2,2020
4/18/2020,20200418,6,Saturday,16,W16,Week 16,4,4,April,20-Apr,2,Q2,Quarter 2,2020
4/19/2020,20200419,7,Sunday,16,W16,Week 16,4,4,April,20-Apr,2,Q2,Quarter 2,2020
4/20/2020,20200420,1,Monday,17,W17,Week 17,4,4,April,20-Apr,2,Q2,Quarter 2,2020
4/21/2020,20200421,2,Tuesday,17,W17,Week 17,4,4,April,20-Apr,2,Q2,Quarter 2,2020
4/22/2020,20200422,3,Wednesday,17,W17,Week 17,4,4,April,20-Apr,2,Q2,Quarter 2,2020
4/23/2020,20200423,4,Thursday,17,W17,Week 17,4,4,April,20-Apr,2,Q2,Quarter 2,2020
4/24/2020,20200424,5,Friday,17,W17,Week 17,4,4,April,20-Apr,2,Q2,Quarter 2,2020
4/25/2020,20200425,6,Saturday,17,W17,Week 17,4,4,April,20-Apr,2,Q2,Quarter 2,2020
4/26/2020,20200426,7,Sunday,17,W17,Week 17,4,4,April,20-Apr,2,Q2,Quarter 2,2020
4/27/2020,20200427,1,Monday,18,W18,Week 18,4,4,April,20-Apr,2,Q2,Quarter 2,2020
4/28/2020,20200428,2,Tuesday,18,W18,Week 18,4,4,April,20-Apr,2,Q2,Quarter 2,2020
4/29/2020,20200429,3,Wednesday,18,W18,Week 18,4,4,April,20-Apr,2,Q2,Quarter 2,2020
4/30/2020,20200430,4,Thursday,18,W18,Week 18,4,4,April,20-Apr,2,Q2,Quarter 2,2020
5/1/2020,20200501,5,Friday,18,W18,Week 18,5,5,May,20-May,2,Q2,Quarter 2,2020
5/2/2020,20200502,6,Saturday,18,W18,Week 18,5,5,May,20-May,2,Q2,Quarter 2,2020
5/3/2020,20200503,7,Sunday,18,W18,Week 18,5,5,May,20-May,2,Q2,Quarter 2,2020
5/4/2020,20200504,1,Monday,19,W19,Week 19,5,5,May,20-May,2,Q2,Quarter 2,2020
5/5/2020,20200505,2,Tuesday,19,W19,Week 19,5,5,May,20-May,2,Q2,Quarter 2,2020
5/6/2020,20200506,3,Wednesday,19,W19,Week 19,5,5,May,20-May,2,Q2,Quarter 2,2020
5/7/2020,20200507,4,Thursday,19,W19,Week 19,5,5,May,20-May,2,Q2,Quarter 2,2020
5/8/2020,20200508,5,Friday,19,W19,Week 19,5,5,May,20-May,2,Q2,Quarter 2,2020
5/9/2020,20200509,6,Saturday,19,W19,Week 19,5,5,May,20-May,2,Q2,Quarter 2,2020
5/10/2020,20200510,7,Sunday,19,W19,Week 19,5,5,May,20-May,2,Q2,Quarter 2,2020
5/11/2020,20200511,1,Monday,20,W20,Week 20,5,5,May,20-May,2,Q2,Quarter 2,2020
5/12/2020,20200512,2,Tuesday,20,W20,Week 20,5,5,May,20-May,2,Q2,Quarter 2,2020
5/13/2020,20200513,3,Wednesday,20,W20,Week 20,5,5,May,20-May,2,Q2,Quarter 2,2020
5/14/2020,20200514,4,Thursday,20,W20,Week 20,5,5,May,20-May,2,Q2,Quarter 2,2020
5/15/2020,20200515,5,Friday,20,W20,Week 20,5,5,May,20-May,2,Q2,Quarter 2,2020
5/16/2020,20200516,6,Saturday,20,W20,Week 20,5,5,May,20-May,2,Q2,Quarter 2,2020
5/17/2020,20200517,7,Sunday,20,W20,Week 20,5,5,May,20-May,2,Q2,Quarter 2,2020
5/18/2020,20200518,1,Monday,21,W21,Week 21,5,5,May,20-May,2,Q2,Quarter 2,2020
5/19/2020,20200519,2,Tuesday,21,W21,Week 21,5,5,May,20-May,2,Q2,Quarter 2,2020
5/20/2020,20200520,3,Wednesday,21,W21,Week 21,5,5,May,20-May,2,Q2,Quarter 2,2020
5/21/2020,20200521,4,Thursday,21,W21,Week 21,5,5,May,20-May,2,Q2,Quarter 2,2020
5/22/2020,20200522,5,Friday,21,W21,Week 21,5,5,May,20-May,2,Q2,Quarter 2,2020
5/23/2020,20200523,6,Saturday,21,W21,Week 21,5,5,May,20-May,2,Q2,Quarter 2,2020
5/24/2020,20200524,7,Sunday,21,W21,Week 21,5,5,May,20-May,2,Q2,Quarter 2,2020
5/25/2020,20200525,1,Monday,22,W22,Week 22,5,5,May,20-May,2,Q2,Quarter 2,2020
5/26/2020,20200526,2,Tuesday,22,W22,Week 22,5,5,May,20-May,2,Q2,Quarter 2,2020
5/27/2020,20200527,3,Wednesday,22,W22,Week 22,5,5,May,20-May,2,Q2,Quarter 2,2020
5/28/2020,20200528,4,Thursday,22,W22,Week 22,5,5,May,20-May,2,Q2,Quarter 2,2020
5/29/2020,20200529,5,Friday,22,W22,Week 22,5,5,May,20-May,2,Q2,Quarter 2,2020
5/30/2020,20200530,6,Saturday,22,W22,Week 22,5,5,May,20-May,2,Q2,Quarter 2,2020
5/31/2020,20200531,7,Sunday,22,W22,Week 22,5,5,May,20-May,2,Q2,Quarter 2,2020
6/1/2020,20200601,1,Monday,23,W23,Week 23,6,6,June,20-Jun,2,Q2,Quarter 2,2020
6/2/2020,20200602,2,Tuesday,23,W23,Week 23,6,6,June,20-Jun,2,Q2,Quarter 2,2020
6/3/2020,20200603,3,Wednesday,23,W23,Week 23,6,6,June,20-Jun,2,Q2,Quarter 2,2020
6/4/2020,20200604,4,Thursday,23,W23,Week 23,6,6,June,20-Jun,2,Q2,Quarter 2,2020
6/5/2020,20200605,5,Friday,23,W23,Week 23,6,6,June,20-Jun,2,Q2,Quarter 2,2020
6/6/2020,20200606,6,Saturday,23,W23,Week 23,6,6,June,20-Jun,2,Q2,Quarter 2,2020
6/7/2020,20200607,7,Sunday,23,W23,Week 23,6,6,June,20-Jun,2,Q2,Quarter 2,2020
6/8/2020,20200608,1,Monday,24,W24,Week 24,6,6,June,20-Jun,2,Q2,Quarter 2,2020
6/9/2020,20200609,2,Tuesday,24,W24,Week 24,6,6,June,20-Jun,2,Q2,Quarter 2,2020
6/10/2020,20200610,3,Wednesday,24,W24,Week 24,6,6,June,20-Jun,2,Q2,Quarter 2,2020
6/11/2020,20200611,4,Thursday,24,W24,Week 24,6,6,June,20-Jun,2,Q2,Quarter 2,2020
6/12/2020,20200612,5,Friday,24,W24,Week 24,6,6,June,20-Jun,2,Q2,Quarter 2,2020
6/13/2020,20200613,6,Saturday,24,W24,Week 24,6,6,June,20-Jun,2,Q2,Quarter 2,2020
6/14/2020,20200614,7,Sunday,24,W24,Week 24,6,6,June,20-Jun,2,Q2,Quarter 2,2020
6/15/2020,20200615,1,Monday,25,W25,Week 25,6,6,June,20-Jun,2,Q2,Quarter 2,2020
6/16/2020,20200616,2,Tuesday,25,W25,Week 25,6,6,June,20-Jun,2,Q2,Quarter 2,2020
6/17/2020,20200617,3,Wednesday,25,W25,Week 25,6,6,June,20-Jun,2,Q2,Quarter 2,2020
6/18/2020,20200618,4,Thursday,25,W25,Week 25,6,6,June,20-Jun,2,Q2,Quarter 2,2020
6/19/2020,20200619,5,Friday,25,W25,Week 25,6,6,June,20-Jun,2,Q2,Quarter 2,2020
6/20/2020,20200620,6,Saturday,25,W25,Week 25,6,6,June,20-Jun,2,Q2,Quarter 2,2020
6/21/2020,20200621,7,Sunday,25,W25,Week 25,6,6,June,20-Jun,2,Q2,Quarter 2,2020
6/22/2020,20200622,1,Monday,26,W26,Week 26,6,6,June,20-Jun,2,Q2,Quarter 2,2020
6/23/2020,20200623,2,Tuesday,26,W26,Week 26,6,6,June,20-Jun,2,Q2,Quarter 2,2020
6/24/2020,20200624,3,Wednesday,26,W26,Week 26,6,6,June,20-Jun,2,Q2,Quarter 2,2020
6/25/2020,20200625,4,Thursday,26,W26,Week 26,6,6,June,20-Jun,2,Q2,Quarter 2,2020
6/26/2020,20200626,5,Friday,26,W26,Week 26,6,6,June,20-Jun,2,Q2,Quarter 2,2020
6/27/2020,20200627,6,Saturday,26,W26,Week 26,6,6,June,20-Jun,2,Q2,Quarter 2,2020
6/28/2020,20200628,7,Sunday,26,W26,Week 26,6,6,June,20-Jun,2,Q2,Quarter 2,2020
6/29/2020,20200629,1,Monday,27,W27,Week 27,6,6,June,20-Jun,2,Q2,Quarter 2,2020
6/30/2020,20200630,2,Tuesday,27,W27,Week 27,6,6,June,20-Jun,2,Q2,Quarter 2,2020
7/1/2020,20200701,3,Wednesday,27,W27,Week 27,7,7,July,20-Jul,3,Q3,Quarter 3,2020
7/2/2020,20200702,4,Thursday,27,W27,Week 27,7,7,July,20-Jul,3,Q3,Quarter 3,2020
7/3/2020,20200703,5,Friday,27,W27,Week 27,7,7,July,20-Jul,3,Q3,Quarter 3,2020
7/4/2020,20200704,6,Saturday,27,W27,Week 27,7,7,July,20-Jul,3,Q3,Quarter 3,2020
7/5/2020,20200705,7,Sunday,27,W27,Week 27,7,7,July,20-Jul,3,Q3,Quarter 3,2020
7/6/2020,20200706,1,Monday,28,W28,Week 28,7,7,July,20-Jul,3,Q3,Quarter 3,2020
7/7/2020,20200707,2,Tuesday,28,W28,Week 28,7,7,July,20-Jul,3,Q3,Quarter 3,2020
7/8/2020,20200708,3,Wednesday,28,W28,Week 28,7,7,July,20-Jul,3,Q3,Quarter 3,2020
7/9/2020,20200709,4,Thursday,28,W28,Week 28,7,7,July,20-Jul,3,Q3,Quarter 3,2020
7/10/2020,20200710,5,Friday,28,W28,Week 28,7,7,July,20-Jul,3,Q3,Quarter 3,2020
7/11/2020,20200711,6,Saturday,28,W28,Week 28,7,7,July,20-Jul,3,Q3,Quarter 3,2020
7/12/2020,20200712,7,Sunday,28,W28,Week 28,7,7,July,20-Jul,3,Q3,Quarter 3,2020
7/13/2020,20200713,1,Monday,29,W29,Week 29,7,7,July,20-Jul,3,Q3,Quarter 3,2020
7/14/2020,20200714,2,Tuesday,29,W29,Week 29,7,7,July,20-Jul,3,Q3,Quarter 3,2020
7/15/2020,20200715,3,Wednesday,29,W29,Week 29,7,7,July,20-Jul,3,Q3,Quarter 3,2020
7/16/2020,20200716,4,Thursday,29,W29,Week 29,7,7,July,20-Jul,3,Q3,Quarter 3,2020
7/17/2020,20200717,5,Friday,29,W29,Week 29,7,7,July,20-Jul,3,Q3,Quarter 3,2020
7/18/2020,20200718,6,Saturday,29,W29,Week 29,7,7,July,20-Jul,3,Q3,Quarter 3,2020
7/19/2020,20200719,7,Sunday,29,W29,Week 29,7,7,July,20-Jul,3,Q3,Quarter 3,2020
7/20/2020,20200720,1,Monday,30,W30,Week 30,7,7,July,20-Jul,3,Q3,Quarter 3,2020
7/21/2020,20200721,2,Tuesday,30,W30,Week 30,7,7,July,20-Jul,3,Q3,Quarter 3,2020
7/22/2020,20200722,3,Wednesday,30,W30,Week 30,7,7,July,20-Jul,3,Q3,Quarter 3,2020
7/23/2020,20200723,4,Thursday,30,W30,Week 30,7,7,July,20-Jul,3,Q3,Quarter 3,2020
7/24/2020,20200724,5,Friday,30,W30,Week 30,7,7,July,20-Jul,3,Q3,Quarter 3,2020
7/25/2020,20200725,6,Saturday,30,W30,Week 30,7,7,July,20-Jul,3,Q3,Quarter 3,2020
7/26/2020,20200726,7,Sunday,30,W30,Week 30,7,7,July,20-Jul,3,Q3,Quarter 3,2020
7/27/2020,20200727,1,Monday,31,W31,Week 31,7,7,July,20-Jul,3,Q3,Quarter 3,2020
7/28/2020,20200728,2,Tuesday,31,W31,Week 31,7,7,July,20-Jul,3,Q3,Quarter 3,2020
7/29/2020,20200729,3,Wednesday,31,W31,Week 31,7,7,July,20-Jul,3,Q3,Quarter 3,2020
7/30/2020,20200730,4,Thursday,31,W31,Week 31,7,7,July,20-Jul,3,Q3,Quarter 3,2020
7/31/2020,20200731,5,Friday,31,W31,Week 31,7,7,July,20-Jul,3,Q3,Quarter 3,2020
8/1/2020,20200801,6,Saturday,31,W31,Week 31,8,8,August,20-Aug,3,Q3,Quarter 3,2020
8/2/2020,20200802,7,Sunday,31,W31,Week 31,8,8,August,20-Aug,3,Q3,Quarter 3,2020
8/3/2020,20200803,1,Monday,32,W32,Week 32,8,8,August,20-Aug,3,Q3,Quarter 3,2020
8/4/2020,20200804,2,Tuesday,32,W32,Week 32,8,8,August,20-Aug,3,Q3,Quarter 3,2020
8/5/2020,20200805,3,Wednesday,32,W32,Week 32,8,8,August,20-Aug,3,Q3,Quarter 3,2020
8/6/2020,20200806,4,Thursday,32,W32,Week 32,8,8,August,20-Aug,3,Q3,Quarter 3,2020
8/7/2020,20200807,5,Friday,32,W32,Week 32,8,8,August,20-Aug,3,Q3,Quarter 3,2020
8/8/2020,20200808,6,Saturday,32,W32,Week 32,8,8,August,20-Aug,3,Q3,Quarter 3,2020
8/9/2020,20200809,7,Sunday,32,W32,Week 32,8,8,August,20-Aug,3,Q3,Quarter 3,2020
8/10/2020,20200810,1,Monday,33,W33,Week 33,8,8,August,20-Aug,3,Q3,Quarter 3,2020
8/11/2020,20200811,2,Tuesday,33,W33,Week 33,8,8,August,20-Aug,3,Q3,Quarter 3,2020
8/12/2020,20200812,3,Wednesday,33,W33,Week 33,8,8,August,20-Aug,3,Q3,Quarter 3,2020
8/13/2020,20200813,4,Thursday,33,W33,Week 33,8,8,August,20-Aug,3,Q3,Quarter 3,2020
8/14/2020,20200814,5,Friday,33,W33,Week 33,8,8,August,20-Aug,3,Q3,Quarter 3,2020
8/15/2020,20200815,6,Saturday,33,W33,Week 33,8,8,August,20-Aug,3,Q3,Quarter 3,2020
8/16/2020,20200816,7,Sunday,33,W33,Week 33,8,8,August,20-Aug,3,Q3,Quarter 3,2020
8/17/2020,20200817,1,Monday,34,W34,Week 34,8,8,August,20-Aug,3,Q3,Quarter 3,2020
8/18/2020,20200818,2,Tuesday,34,W34,Week 34,8,8,August,20-Aug,3,Q3,Quarter 3,2020
8/19/2020,20200819,3,Wednesday,34,W34,Week 34,8,8,August,20-Aug,3,Q3,Quarter 3,2020
8/20/2020,20200820,4,Thursday,34,W34,Week 34,8,8,August,20-Aug,3,Q3,Quarter 3,2020
8/21/2020,20200821,5,Friday,34,W34,Week 34,8,8,August,20-Aug,3,Q3,Quarter 3,2020
8/22/2020,20200822,6,Saturday,34,W34,Week 34,8,8,August,20-Aug,3,Q3,Quarter 3,2020
8/23/2020,20200823,7,Sunday,34,W34,Week 34,8,8,August,20-Aug,3,Q3,Quarter 3,2020
8/24/2020,20200824,1,Monday,35,W35,Week 35,8,8,August,20-Aug,3,Q3,Quarter 3,2020
8/25/2020,20200825,2,Tuesday,35,W35,Week 35,8,8,August,20-Aug,3,Q3,Quarter 3,2020
8/26/2020,20200826,3,Wednesday,35,W35,Week 35,8,8,August,20-Aug,3,Q3,Quarter 3,2020
8/27/2020,20200827,4,Thursday,35,W35,Week 35,8,8,August,20-Aug,3,Q3,Quarter 3,2020
8/28/2020,20200828,5,Friday,35,W35,Week 35,8,8,August,20-Aug,3,Q3,Quarter 3,2020
8/29/2020,20200829,6,Saturday,35,W35,Week 35,8,8,August,20-Aug,3,Q3,Quarter 3,2020
8/30/2020,20200830,7,Sunday,35,W35,Week 35,8,8,August,20-Aug,3,Q3,Quarter 3,2020
8/31/2020,20200831,1,Monday,36,W36,Week 36,8,8,August,20-Aug,3,Q3,Quarter 3,2020
9/1/2020,20200901,2,Tuesday,36,W36,Week 36,9,9,September,20-Sep,3,Q3,Quarter 3,2020
9/2/2020,20200902,3,Wednesday,36,W36,Week 36,9,9,September,20-Sep,3,Q3,Quarter 3,2020
9/3/2020,20200903,4,Thursday,36,W36,Week 36,9,9,September,20-Sep,3,Q3,Quarter 3,2020
9/4/2020,20200904,5,Friday,36,W36,Week 36,9,9,September,20-Sep,3,Q3,Quarter 3,2020
9/5/2020,20200905,6,Saturday,36,W36,Week 36,9,9,September,20-Sep,3,Q3,Quarter 3,2020
9/6/2020,20200906,7,Sunday,36,W36,Week 36,9,9,September,20-Sep,3,Q3,Quarter 3,2020
9/7/2020,20200907,1,Monday,37,W37,Week 37,9,9,September,20-Sep,3,Q3,Quarter 3,2020
9/8/2020,20200908,2,Tuesday,37,W37,Week 37,9,9,September,20-Sep,3,Q3,Quarter 3,2020
9/9/2020,20200909,3,Wednesday,37,W37,Week 37,9,9,September,20-Sep,3,Q3,Quarter 3,2020
9/10/2020,20200910,4,Thursday,37,W37,Week 37,9,9,September,20-Sep,3,Q3,Quarter 3,2020
9/11/2020,20200911,5,Friday,37,W37,Week 37,9,9,September,20-Sep,3,Q3,Quarter 3,2020
9/12/2020,20200912,6,Saturday,37,W37,Week 37,9,9,September,20-Sep,3,Q3,Quarter 3,2020
9/13/2020,20200913,7,Sunday,37,W37,Week 37,9,9,September,20-Sep,3,Q3,Quarter 3,2020
9/14/2020,20200914,1,Monday,38,W38,Week 38,9,9,September,20-Sep,3,Q3,Quarter 3,2020
9/15/2020,20200915,2,Tuesday,38,W38,Week 38,9,9,September,20-Sep,3,Q3,Quarter 3,2020
9/16/2020,20200916,3,Wednesday,38,W38,Week 38,9,9,September,20-Sep,3,Q3,Quarter 3,2020
9/17/2020,20200917,4,Thursday,38,W38,Week 38,9,9,September,20-Sep,3,Q3,Quarter 3,2020
9/18/2020,20200918,5,Friday,38,W38,Week 38,9,9,September,20-Sep,3,Q3,Quarter 3,2020
9/19/2020,20200919,6,Saturday,38,W38,Week 38,9,9,September,20-Sep,3,Q3,Quarter 3,2020
9/20/2020,20200920,7,Sunday,38,W38,Week 38,9,9,September,20-Sep,3,Q3,Quarter 3,2020
9/21/2020,20200921,1,Monday,39,W39,Week 39,9,9,September,20-Sep,3,Q3,Quarter 3,2020
9/22/2020,20200922,2,Tuesday,39,W39,Week 39,9,9,September,20-Sep,3,Q3,Quarter 3,2020
9/23/2020,20200923,3,Wednesday,39,W39,Week 39,9,9,September,20-Sep,3,Q3,Quarter 3,2020
9/24/2020,20200924,4,Thursday,39,W39,Week 39,9,9,September,20-Sep,3,Q3,Quarter 3,2020
9/25/2020,20200925,5,Friday,39,W39,Week 39,9,9,September,20-Sep,3,Q3,Quarter 3,2020
9/26/2020,20200926,6,Saturday,39,W39,Week 39,9,9,September,20-Sep,3,Q3,Quarter 3,2020
9/27/2020,20200927,7,Sunday,39,W39,Week 39,9,9,September,20-Sep,3,Q3,Quarter 3,2020
9/28/2020,20200928,1,Monday,40,W40,Week 40,9,9,September,20-Sep,3,Q3,Quarter 3,2020
9/29/2020,20200929,2,Tuesday,40,W40,Week 40,9,9,September,20-Sep,3,Q3,Quarter 3,2020
9/30/2020,20200930,3,Wednesday,40,W40,Week 40,9,9,September,20-Sep,3,Q3,Quarter 3,2020
10/1/2020,20201001,4,Thursday,40,W40,Week 40,10,10,October,20-Oct,4,Q4,Quarter 4,2020
10/2/2020,20201002,5,Friday,40,W40,Week 40,10,10,October,20-Oct,4,Q4,Quarter 4,2020
10/3/2020,20201003,6,Saturday,40,W40,Week 40,10,10,October,20-Oct,4,Q4,Quarter 4,2020
10/4/2020,20201004,7,Sunday,40,W40,Week 40,10,10,October,20-Oct,4,Q4,Quarter 4,2020
10/5/2020,20201005,1,Monday,41,W41,Week 41,10,10,October,20-Oct,4,Q4,Quarter 4,2020
10/6/2020,20201006,2,Tuesday,41,W41,Week 41,10,10,October,20-Oct,4,Q4,Quarter 4,2020
10/7/2020,20201007,3,Wednesday,41,W41,Week 41,10,10,October,20-Oct,4,Q4,Quarter 4,2020
10/8/2020,20201008,4,Thursday,41,W41,Week 41,10,10,October,20-Oct,4,Q4,Quarter 4,2020
10/9/2020,20201009,5,Friday,41,W41,Week 41,10,10,October,20-Oct,4,Q4,Quarter 4,2020
10/10/2020,20201010,6,Saturday,41,W41,Week 41,10,10,October,20-Oct,4,Q4,Quarter 4,2020
10/11/2020,20201011,7,Sunday,41,W41,Week 41,10,10,October,20-Oct,4,Q4,Quarter 4,2020
10/12/2020,20201012,1,Monday,42,W42,Week 42,10,10,October,20-Oct,4,Q4,Quarter 4,2020
10/13/2020,20201013,2,Tuesday,42,W42,Week 42,10,10,October,20-Oct,4,Q4,Quarter 4,2020
10/14/2020,20201014,3,Wednesday,42,W42,Week 42,10,10,October,20-Oct,4,Q4,Quarter 4,2020
10/15/2020,20201015,4,Thursday,42,W42,Week 42,10,10,October,20-Oct,4,Q4,Quarter 4,2020
10/16/2020,20201016,5,Friday,42,W42,Week 42,10,10,October,20-Oct,4,Q4,Quarter 4,2020
10/17/2020,20201017,6,Saturday,42,W42,Week 42,10,10,October,20-Oct,4,Q4,Quarter 4,2020
10/18/2020,20201018,7,Sunday,42,W42,Week 42,10,10,October,20-Oct,4,Q4,Quarter 4,2020
10/19/2020,20201019,1,Monday,43,W43,Week 43,10,10,October,20-Oct,4,Q4,Quarter 4,2020
10/20/2020,20201020,2,Tuesday,43,W43,Week 43,10,10,October,20-Oct,4,Q4,Quarter 4,2020
10/21/2020,20201021,3,Wednesday,43,W43,Week 43,10,10,October,20-Oct,4,Q4,Quarter 4,2020
10/22/2020,20201022,4,Thursday,43,W43,Week 43,10,10,October,20-Oct,4,Q4,Quarter 4,2020
10/23/2020,20201023,5,Friday,43,W43,Week 43,10,10,October,20-Oct,4,Q4,Quarter 4,2020
10/24/2020,20201024,6,Saturday,43,W43,Week 43,10,10,October,20-Oct,4,Q4,Quarter 4,2020
10/25/2020,20201025,7,Sunday,43,W43,Week 43,10,10,October,20-Oct,4,Q4,Quarter 4,2020
10/26/2020,20201026,1,Monday,44,W44,Week 44,10,10,October,20-Oct,4,Q4,Quarter 4,2020
10/27/2020,20201027,2,Tuesday,44,W44,Week 44,10,10,October,20-Oct,4,Q4,Quarter 4,2020
10/28/2020,20201028,3,Wednesday,44,W44,Week 44,10,10,October,20-Oct,4,Q4,Quarter 4,2020
10/29/2020,20201029,4,Thursday,44,W44,Week 44,10,10,October,20-Oct,4,Q4,Quarter 4,2020
10/30/2020,20201030,5,Friday,44,W44,Week 44,10,10,October,20-Oct,4,Q4,Quarter 4,2020
10/31/2020,20201031,6,Saturday,44,W44,Week 44,10,10,October,20-Oct,4,Q4,Quarter 4,2020
11/1/2020,20201101,7,Sunday,44,W44,Week 44,11,11,November,20-Nov,4,Q4,Quarter 4,2020
11/2/2020,20201102,1,Monday,45,W45,Week 45,11,11,November,20-Nov,4,Q4,Quarter 4,2020
11/3/2020,20201103,2,Tuesday,45,W45,Week 45,11,11,November,20-Nov,4,Q4,Quarter 4,2020
11/4/2020,20201104,3,Wednesday,45,W45,Week 45,11,11,November,20-Nov,4,Q4,Quarter 4,2020
11/5/2020,20201105,4,Thursday,45,W45,Week 45,11,11,November,20-Nov,4,Q4,Quarter 4,2020
11/6/2020,20201106,5,Friday,45,W45,Week 45,11,11,November,20-Nov,4,Q4,Quarter 4,2020
11/7/2020,20201107,6,Saturday,45,W45,Week 45,11,11,November,20-Nov,4,Q4,Quarter 4,2020
11/8/2020,20201108,7,Sunday,45,W45,Week 45,11,11,November,20-Nov,4,Q4,Quarter 4,2020
11/9/2020,20201109,1,Monday,46,W46,Week 46,11,11,November,20-Nov,4,Q4,Quarter 4,2020
11/10/2020,20201110,2,Tuesday,46,W46,Week 46,11,11,November,20-Nov,4,Q4,Quarter 4,2020
11/11/2020,20201111,3,Wednesday,46,W46,Week 46,11,11,November,20-Nov,4,Q4,Quarter 4,2020
11/12/2020,20201112,4,Thursday,46,W46,Week 46,11,11,November,20-Nov,4,Q4,Quarter 4,2020
11/13/2020,20201113,5,Friday,46,W46,Week 46,11,11,November,20-Nov,4,Q4,Quarter 4,2020
11/14/2020,20201114,6,Saturday,46,W46,Week 46,11,11,November,20-Nov,4,Q4,Quarter 4,2020
11/15/2020,20201115,7,Sunday,46,W46,Week 46,11,11,November,20-Nov,4,Q4,Quarter 4,2020
11/16/2020,20201116,1,Monday,47,W47,Week 47,11,11,November,20-Nov,4,Q4,Quarter 4,2020
11/17/2020,20201117,2,Tuesday,47,W47,Week 47,11,11,November,20-Nov,4,Q4,Quarter 4,2020
11/18/2020,20201118,3,Wednesday,47,W47,Week 47,11,11,November,20-Nov,4,Q4,Quarter 4,2020
11/19/2020,20201119,4,Thursday,47,W47,Week 47,11,11,November,20-Nov,4,Q4,Quarter 4,2020
11/20/2020,20201120,5,Friday,47,W47,Week 47,11,11,November,20-Nov,4,Q4,Quarter 4,2020
11/21/2020,20201121,6,Saturday,47,W47,Week 47,11,11,November,20-Nov,4,Q4,Quarter 4,2020
11/22/2020,20201122,7,Sunday,47,W47,Week 47,11,11,November,20-Nov,4,Q4,Quarter 4,2020
11/23/2020,20201123,1,Monday,48,W48,Week 48,11,11,November,20-Nov,4,Q4,Quarter 4,2020
11/24/2020,20201124,2,Tuesday,48,W48,Week 48,11,11,November,20-Nov,4,Q4,Quarter 4,2020
11/25/2020,20201125,3,Wednesday,48,W48,Week 48,11,11,November,20-Nov,4,Q4,Quarter 4,2020
11/26/2020,20201126,4,Thursday,48,W48,Week 48,11,11,November,20-Nov,4,Q4,Quarter 4,2020
11/27/2020,20201127,5,Friday,48,W48,Week 48,11,11,November,20-Nov,4,Q4,Quarter 4,2020
11/28/2020,20201128,6,Saturday,48,W48,Week 48,11,11,November,20-Nov,4,Q4,Quarter 4,2020
11/29/2020,20201129,7,Sunday,48,W48,Week 48,11,11,November,20-Nov,4,Q4,Quarter 4,2020
11/30/2020,20201130,1,Monday,49,W49,Week 49,11,11,November,20-Nov,4,Q4,Quarter 4,2020
12/1/2020,20201201,2,Tuesday,49,W49,Week 49,12,12,December,20-Dec,4,Q4,Quarter 4,2020
12/2/2020,20201202,3,Wednesday,49,W49,Week 49,12,12,December,20-Dec,4,Q4,Quarter 4,2020
12/3/2020,20201203,4,Thursday,49,W49,Week 49,12,12,December,20-Dec,4,Q4,Quarter 4,2020
12/4/2020,20201204,5,Friday,49,W49,Week 49,12,12,December,20-Dec,4,Q4,Quarter 4,2020
12/5/2020,20201205,6,Saturday,49,W49,Week 49,12,12,December,20-Dec,4,Q4,Quarter 4,2020
12/6/2020,20201206,7,Sunday,49,W49,Week 49,12,12,December,20-Dec,4,Q4,Quarter 4,2020
12/7/2020,20201207,1,Monday,50,W50,Week 50,12,12,December,20-Dec,4,Q4,Quarter 4,2020
12/8/2020,20201208,2,Tuesday,50,W50,Week 50,12,12,December,20-Dec,4,Q4,Quarter 4,2020
12/9/2020,20201209,3,Wednesday,50,W50,Week 50,12,12,December,20-Dec,4,Q4,Quarter 4,2020
12/10/2020,20201210,4,Thursday,50,W50,Week 50,12,12,December,20-Dec,4,Q4,Quarter 4,2020
12/11/2020,20201211,5,Friday,50,W50,Week 50,12,12,December,20-Dec,4,Q4,Quarter 4,2020
12/12/2020,20201212,6,Saturday,50,W50,Week 50,12,12,December,20-Dec,4,Q4,Quarter 4,2020
12/13/2020,20201213,7,Sunday,50,W50,Week 50,12,12,December,20-Dec,4,Q4,Quarter 4,2020
12/14/2020,20201214,1,Monday,51,W51,Week 51,12,12,December,20-Dec,4,Q4,Quarter 4,2020
12/15/2020,20201215,2,Tuesday,51,W51,Week 51,12,12,December,20-Dec,4,Q4,Quarter 4,2020
12/16/2020,20201216,3,Wednesday,51,W51,Week 51,12,12,December,20-Dec,4,Q4,Quarter 4,2020
12/17/2020,20201217,4,Thursday,51,W51,Week 51,12,12,December,20-Dec,4,Q4,Quarter 4,2020
12/18/2020,20201218,5,Friday,51,W51,Week 51,12,12,December,20-Dec,4,Q4,Quarter 4,2020
12/19/2020,20201219,6,Saturday,51,W51,Week 51,12,12,December,20-Dec,4,Q4,Quarter 4,2020
12/20/2020,20201220,7,Sunday,51,W51,Week 51,12,12,December,20-Dec,4,Q4,Quarter 4,2020
12/21/2020,20201221,1,Monday,52,W52,Week 52,12,12,December,20-Dec,4,Q4,Quarter 4,2020
12/22/2020,20201222,2,Tuesday,52,W52,Week 52,12,12,December,20-Dec,4,Q4,Quarter 4,2020
12/23/2020,20201223,3,Wednesday,52,W52,Week 52,12,12,December,20-Dec,4,Q4,Quarter 4,2020
12/24/2020,20201224,4,Thursday,52,W52,Week 52,12,12,December,20-Dec,4,Q4,Quarter 4,2020
12/25/2020,20201225,5,Friday,52,W52,Week 52,12,12,December,20-Dec,4,Q4,Quarter 4,2020
12/26/2020,20201226,6,Saturday,52,W52,Week 52,12,12,December,20-Dec,4,Q4,Quarter 4,2020
12/27/2020,20201227,7,Sunday,52,W52,Week 52,12,12,December,20-Dec,4,Q4,Quarter 4,2020
12/28/2020,20201228,1,Monday,53,W53,Week 53,12,12,December,20-Dec,4,Q4,Quarter 4,2020
12/29/2020,20201229,2,Tuesday,53,W53,Week 53,12,12,December,20-Dec,4,Q4,Quarter 4,2020
12/30/2020,20201230,3,Wednesday,53,W53,Week 53,12,12,December,20-Dec,4,Q4,Quarter 4,2020
12/31/2020,20201231,4,Thursday,53,W53,Week 53,12,12,December,20-Dec,4,Q4,Quarter 4,2020
